Parameter,Value
MSE,0.125
MAE,0.125
R-SQUARED,0.3459688826025461
RMSE,0.3535533905932738
ACCURACY,0.875
