Parameter,Value
MSE,0.15808823529411764
MAE,0.15808823529411764
R-SQUARED,0.17284299858557295
RMSE,0.39760311278222865
ACCURACY,0.8419117647058824
